{"cameraMode":{"drawMode":0,"name":"Shaded","section":"Shading Mode"},"sceneLighting":true,"audioPlay":false,"sceneViewState":{"m_AlwaysRefresh":false,"showFog":true,"showSkybox":true,"showFlares":true,"showImageEffects":true,"showParticleSystems":true,"showVisualEffectGraphs":true,"m_FxEnabled":true},"in2DMode":false,"pivot":{"x":19.899898529052736,"y":8.727729797363282,"z":3.0867276191711427},"rotation":{"x":0.2026037871837616,"y":-0.0014485856518149376,"z":0.0003338820533826947,"w":0.9793450832366943},"size":6.4009504318237309,"orthographic":false}