{"cameraMode":{"drawMode":0,"name":"Shaded","section":"Shading Mode"},"sceneLighting":true,"audioPlay":false,"sceneViewState":{"m_AlwaysRefresh":false,"showFog":true,"showSkybox":true,"showFlares":true,"showImageEffects":true,"showParticleSystems":true,"showVisualEffectGraphs":true,"m_FxEnabled":true},"in2DMode":false,"pivot":{"x":13.450383186340332,"y":5.192776679992676,"z":1.539764642715454},"rotation":{"x":0.2026037871837616,"y":-0.0014485856518149376,"z":0.0003338820533826947,"w":0.9793450832366943},"size":1.2173080444335938,"orthographic":false}